{
  "generation_mw_rmean3": 0.4364900588989258,
  "generation_mw_rmean7": 0.380908727645874,
  "generation_mw_lag1": 0.04583820700645447,
  "generation_mw_rmean14": 0.035450227558612823,
  "generation_mw_rmean30": 0.023490939289331436,
  "generation_mw_lag14": 0.022652164101600647,
  "river_flow_cumecs": 0.018276136368513107,
  "generation_mw_lag3": 0.011467941105365753,
  "pressure_hpa": 0.008504925295710564,
  "generation_mw_lag7": 0.0077090272679924965,
  "generation_mw_lag2": 0.007048290688544512,
  "river_flow_cumecs_rmean3": 0.0008752826834097505,
  "temperature_c_rmean30": 0.0004387060762383044,
  "rainfall_mm": 0.000389061460737139,
  "cos_doy": 7.847516826586798e-05
}