{
  "generation_mw_lag1": 0.6220636963844299,
  "generation_mw_lag2": 0.13648733496665955,
  "generation_mw_lag3": 0.09592349082231522,
  "Latitude": 0.07443059235811234,
  "Longitude": 0.0208818931132555,
  "generation_mw_rmean3": 0.016859032213687897,
  "generation_mw_lag14": 0.015314552001655102,
  "generation_mw_rmean30": 0.010194847360253334,
  "generation_mw_rmean14": 0.0036426768638193607,
  "river_flow_cumecs": 0.001912437379360199,
  "generation_mw_lag7": 0.001308348379097879,
  "generation_mw_rmean7": 0.0006695888005197048,
  "Pressure": 0.00027611639234237373,
  "temperature_c": 1.574594534758944e-05,
  "EarthSkinTemp": 4.412558610056294e-06
}